<?xml version="1.0" encoding="UTF-8"?>
<project-private xmlns="http://www.netbeans.org/ns/project-private/1">
    <editor-bookmarks xmlns="http://www.netbeans.org/ns/editor-bookmarks/2" lastBookmarkId="0"/>
    <open-files xmlns="http://www.netbeans.org/ns/projectui-open-files/2">
        <group>
            <file>file:/C:/xampp/htdocs/asdos/sql/sql.php</file>
            <file>file:/C:/xampp/htdocs/asdos/metode.php</file>
            <file>file:/C:/xampp/htdocs/asdos/kriteria.php</file>
            <file>file:/C:/xampp/htdocs/asdos/index.php</file>
            <file>file:/C:/xampp/htdocs/asdos/sidebar.php</file>
            <file>file:/C:/xampp/htdocs/asdos/home.php</file>
        </group>
    </open-files>
</project-private>
